login,password
stuartkirby@etsii.ugr.es,tempor
suarezgraves@etsii.ugr.es,laborum
janablake@etsii.ugr.es,excepteur
osbornecantrell@etsii.ugr.es,sint
dickersonlowe@etsii.ugr.es,labore
harrisongomez@etsii.ugr.es,ad
garrettbeck@etsii.ugr.es,occaecat
pottschase@etsii.ugr.es,proident
kaitlinsavage@etsii.ugr.es,qui
buchanancrosby@etsii.ugr.es,irure
annmendoza@etsii.ugr.es,minim
fuentesrandolph@etsii.ugr.es,dolor
cookecooley@etsii.ugr.es,do
hogancarney@etsii.ugr.es,proident
watsonwalters@etsii.ugr.es,nulla
ramonaeaton@etsii.ugr.es,anim
fowlervazquez@etsii.ugr.es,deserunt
lanecurry@etsii.ugr.es,voluptate
bakerreilly@etsii.ugr.es,proident
claricecamacho@etsii.ugr.es,nostrud
